[
{
    "pk": 1,
    "model": "auth.group",
    "fields": {
        "name": "admins",
        "permissions": []
    }
},
{
    "pk": 2,
    "model": "auth.group",
    "fields": {
        "name": "project_authors",
        "permissions": []
    }
},
{
    "pk": 3,
    "model": "auth.group",
    "fields": {
        "name": "editors_publishers",
        "permissions": []
    }
},
{
    "pk": 1,
    "model": "auth.user",
    "fields": {
        "username": "map_super",
        "first_name": "",
        "last_name": "",
        "is_active": true,
        "is_superuser": true,
        "is_staff": true,
        "last_login": "2009-11-23 16:44:27",
        "groups": [1, 2, 3],
        "user_permissions": [],
        "password": "sha1$f11f3$d5f0728ea68bc41e4917bfaf32d0e0a5d953cbb5",
        "email": "me@me.com",
        "date_joined": "2009-10-29 11:06:54"
    }
},
{
    "pk": 2,
    "model": "auth.user",
    "fields": {
        "username": "author",
        "first_name": "",
        "last_name": "",
        "is_active": true,
        "is_superuser": false,
        "is_staff": false,
        "last_login": "2009-11-23 16:50:06",
        "groups": [2],
        "user_permissions": [],
        "password": "sha1$7434c$af7f40a30e7ad2890d1d476ff61b8af78dcc097d",
        "email": "",
        "date_joined": "2009-10-29 11:12:53"
    }
},
{
    "pk": 3,
    "model": "auth.user",
    "fields": {
        "username": "nobody",
        "first_name": "",
        "last_name": "",
        "is_active": true,
        "is_superuser": false,
        "is_staff": false,
        "last_login": "2009-10-29 12:15:54",
        "groups": [],
        "user_permissions": [],
        "password": "sha1$3c868$3b748138c2677c4bd66b12a485f9d2e4be32c2a5",
        "email": "",
        "date_joined": "2009-10-29 11:13:01"
    }
},
{
    "pk": 4,
    "model": "auth.user",
    "fields": {
        "username": "admin",
        "first_name": "",
        "last_name": "",
        "is_active": true,
        "is_superuser": false,
        "is_staff": false,
        "last_login": "2009-10-29 11:16:35",
        "groups": [1, 2],
        "user_permissions": [],
        "password": "sha1$2a9bf$9fd69ef5f55069740d5fc3d96bd4a771d1bc9021",
        "email": "",
        "date_joined": "2009-10-29 11:13:08"
    }
},
{
    "pk": 5,
    "model": "auth.user",
    "fields": {
        "username": "editor",
        "first_name": "",
        "last_name": "",
        "is_active": true,
        "is_superuser": false,
        "is_staff": false,
        "last_login": "2009-10-29 11:16:35",
        "groups": [1, 2, 3],
        "user_permissions": [],
        "password": "sha1$0b27d$9fa958ef2158698786ae3485ed13fde02ab502f6",
        "email": "",
        "date_joined": "2009-10-29 11:13:08"
    }
},
{
    "pk": 1,
    "model": "sites.site",
    "fields": {
        "domain": "example.com",
        "name": "example.com"
    }
},
{
    "pk": 10,
    "model": "admin.logentry",
    "fields": {
        "action_flag": 1,
        "action_time": "2009-11-23 16:48:04",
        "object_repr": "Lorem Ipsum is simply dummy text of the printing and typesetting industry. Lorem Ipsum has been the industry's standard dummy text ever since the 1500s, when an unknown printer took a galley of type a",
        "object_id": "3",
        "change_message": "",
        "user": 1,
        "content_type": 16
    }
},
{
    "pk": 9,
    "model": "admin.logentry",
    "fields": {
        "action_flag": 1,
        "action_time": "2009-11-23 16:46:45",
        "object_repr": "Many desktop publishing packages and web page editors now use Lorem Ipsum as their default model text, and a search for 'lorem ipsum' will uncover many web sites still in their infancy. Various versio",
        "object_id": "2",
        "change_message": "",
        "user": 1,
        "content_type": 16
    }
},
{
    "pk": 8,
    "model": "admin.logentry",
    "fields": {
        "action_flag": 1,
        "action_time": "2009-11-23 16:45:28",
        "object_repr": "It is a long established fact that a reader will be distracted by the readable content of a page when looking at its layout. The point of using Lorem Ipsum is that it has a more-or-less normal distrib",
        "object_id": "1",
        "change_message": "",
        "user": 1,
        "content_type": 16
    }
},
{
    "pk": 7,
    "model": "admin.logentry",
    "fields": {
        "action_flag": 2,
        "action_time": "2009-10-29 11:15:39",
        "object_repr": "admin",
        "object_id": "4",
        "change_message": "Changed groups.",
        "user": 1,
        "content_type": 3
    }
},
{
    "pk": 6,
    "model": "admin.logentry",
    "fields": {
        "action_flag": 2,
        "action_time": "2009-10-29 11:15:24",
        "object_repr": "author",
        "object_id": "2",
        "change_message": "Changed groups.",
        "user": 1,
        "content_type": 3
    }
},
{
    "pk": 5,
    "model": "admin.logentry",
    "fields": {
        "action_flag": 1,
        "action_time": "2009-10-29 11:13:08",
        "object_repr": "admin",
        "object_id": "4",
        "change_message": "",
        "user": 1,
        "content_type": 3
    }
},
{
    "pk": 4,
    "model": "admin.logentry",
    "fields": {
        "action_flag": 1,
        "action_time": "2009-10-29 11:13:01",
        "object_repr": "nobody",
        "object_id": "3",
        "change_message": "",
        "user": 1,
        "content_type": 3
    }
},
{
    "pk": 3,
    "model": "admin.logentry",
    "fields": {
        "action_flag": 1,
        "action_time": "2009-10-29 11:12:53",
        "object_repr": "author",
        "object_id": "2",
        "change_message": "",
        "user": 1,
        "content_type": 3
    }
},
{
    "pk": 2,
    "model": "admin.logentry",
    "fields": {
        "action_flag": 1,
        "action_time": "2009-10-29 11:12:41",
        "object_repr": "project_authors",
        "object_id": "2",
        "change_message": "",
        "user": 1,
        "content_type": 2
    }
},
{
    "pk": 1,
    "model": "admin.logentry",
    "fields": {
        "action_flag": 1,
        "action_time": "2009-10-29 11:12:37",
        "object_repr": "admins",
        "object_id": "1",
        "change_message": "",
        "user": 1,
        "content_type": 2
    }
},
{
    "pk": 1,
    "model": "maplayers.project",
    "fields": {
        "status": "Published",
        "name": "School for all",
        "parent_project": null,
        "created_by": 2,
        "longitude": "32.57304",
        "imageset_feedurl": "feed://api.flickr.com/services/feeds/photoset.gne?set=72157622616758268&nsid=36330826634@N01&lang=en-us",
        "location": "Kampala, Uganda",
        "groups": [2],
        "latitude": "0.315439",
        "project_image": "",
        "website_url": "http://www.unicef.org/",
        "description": "UNICEF is the driving force that helps build a world where the rights of every child are realized. We have the global authority to influence decision-makers, and the variety of partners at grassroots level to turn the most innovative ideas into reality.  That makes us unique among world organizations, and unique among those working with the young.\r\n\r\nWe believe that nurturing and caring for children are the cornerstones of human progress.  UNICEF was created with this purpose in mind \u2013 to work with others to overcome the obstacles that poverty, violence, disease and discrimination place in a child\u2019s path.  We believe that we can, together, advance the cause of humanity.\r\n\r\nWe advocate for measures to give children the best start in life, because proper care at the youngest age forms the strongest foundation for a person\u2019s future."
    }
},
{
    "pk": 2,
    "model": "maplayers.project",
    "fields": {
        "status": "Published",
        "name": "DRC Medical Aid",
        "parent_project": null,
        "created_by": 2,
        "longitude": "15.126343",
        "imageset_feedurl": "feed://api.flickr.com/services/feeds/photoset.gne?set=72157622616758268&nsid=36330826634@N01&lang=en-us",
        "location": "Ekami, Congo",
        "groups": [2],
        "latitude": "-0.886561",
        "project_image": "",
        "website_url": "http://doctorswithoutborders.org/",
        "description": "Doctors Without Borders (MSF) is a private international association. The association is made up mainly of doctors and health sector workers and is also open to all other professions which might help in achieving its aims. All of its members agree to honor the following principles:\r\n\r\nM\u00e9decins Sans Fronti\u00e8res provides assistance to populations in distress, to victims of natural or man-made disasters and to victims of armed conflict. They do so irrespective of race, religion, creed or political convictions.\r\n\r\nM\u00e9decins Sans Fronti\u00e8res observes neutrality and impartiality in the name of universal medical ethics and the right to humanitarian assistance and claims full and unhindered freedom in the exercise of its functions.\r\n\r\nMembers undertake to respect their professional code of ethics and to maintain complete independence from all political, economic, or religious powers.\r\n\r\nAs volunteers, members understand the risks and dangers of the missions they carry out and make no claim for themselves or their assigns for any form of compensation other than that which the association might be able to afford them."
    }
},
{
    "pk": 3,
    "model": "maplayers.project",
    "fields": {
        "status": "Published",
        "name": "Myanmar Hurricane Aid",
        "parent_project": null,
        "created_by": 5,
        "longitude": "96.192627",
        "imageset_feedurl": "feed://api.flickr.com/services/feeds/photoset.gne?set=72157622616758268&nsid=36330826634@N01&lang=en-us",
        "location": "Yangon, Myanmar",
        "groups": [2],
        "latitude": "16.663559",
        "project_image": "",
        "website_url": "http://www.redcross.org/",
        "description": "Since its founding in 1881 by visionary leader Clara Barton, the American Red Cross has been the nation's premier emergency response organization. As part of a worldwide movement that offers neutral humanitarian care to the victims of war, the American Red Cross distinguishes itself by also aiding victims of devastating natural disasters. Over the years, the organization has expanded its services, always with the aim of preventing and relieving suffering.\r\n\r\nToday, in addition to domestic disaster relief, the American Red Cross offers compassionate services in five other areas: community services that help the needy; support and comfort for military members and their families; the collection, processing and distribution of lifesaving blood and blood products; educational programs that promote health and safety; and international relief and development programs.\r\n\r\nThe American Red Cross is where people mobilize to help their neighbors\u2014across the street, across the country, and across the world\u2014in emergencies. Each year, in communities large and small, victims of some 70,000 disasters turn to neighbors familiar and new\u2014the more than half a million volunteers and 35,000 employees of the Red Cross. Through over 700 locally supported chapters, more than 15 million people gain the skills they need to prepare for and respond to emergencies in their homes, communities and world."
    }
},
{
    "pk": 4,
    "model": "maplayers.project",
    "fields": {
        "status": "Published",
        "name": "Jinja Primary School Project",
        "parent_project": 1,
        "created_by": 2,
        "longitude": "33.199768",
        "imageset_feedurl": "feed://api.flickr.com/services/feeds/photoset.gne?set=72157622616758268&nsid=36330826634@N01&lang=en-us",
        "location": "Jinja, Uganda",
        "groups": [2],
        "latitude": "1.457576",
        "project_image": "",
        "website_url": "http://www.unicef.org/",
        "description": "Jinja primary school"
    }
},
{
    "pk": 5,
    "model": "maplayers.project",
    "fields": {
        "status": "Published",
        "name": "Gabbon Medical Center",
        "parent_project": 2,
        "created_by": 2,
        "longitude": "14.840698",
        "imageset_feedurl": "feed://api.flickr.com/services/feeds/photoset.gne?set=72157622616758268&nsid=36330826634@N01&lang=en-us",
        "location": "Gabbon, Congo",
        "groups": [2],
        "latitude": "-2.522744",
        "project_image": "",
        "website_url": "http://redcross.org/",
        "description": "Gabbon Medical Center"
    }
},
{
    "pk": 6,
    "model": "maplayers.project",
    "fields": {
        "status": "Published",
        "name": "Test project for Edit",
        "parent_project": null,
        "created_by": 2,
        "longitude": "0",
        "imageset_feedurl": "feed://api.flickr.com/services/feeds/photoset.gne?set=72157622616758268&nsid=36330826634@N01&lang=en-us",
        "location": "test project",
        "groups": [2],
        "latitude": "50",
        "project_image": "",
        "website_url": "http://test.org/",
        "description": "Test project for Edit"
    }
},
{
    "pk": 7,
    "model": "maplayers.project",
    "fields": {
        "status": "Draft",
        "name": "Draft Project",
        "parent_project": null,
        "created_by": 2,
        "longitude": "0",
        "imageset_feedurl": "feed://api.flickr.com/services/feeds/photoset.gne?set=72157622616758268&nsid=36330826634@N01&lang=en-us",
        "location": "draft project",
        "groups": [2],
        "latitude": "50",
        "project_image": "",
        "website_url": "http://draft.org/",
        "description": "Draft Project"
    }
},
{
    "pk": 8,
    "model": "maplayers.project",
    "fields": {
        "status": "Review",
        "name": "South Asia",
        "parent_project": null,
        "created_by": 2,
        "longitude": "-30",
        "imageset_feedurl": "feed://api.flickr.com/services/feeds/photoset.gne?set=72157622616758268&nsid=36330826634@N01&lang=en-us",
        "location": "South Asia",
        "groups": [2],
        "latitude": "10",
        "project_image": "",
        "website_url": "http://review.org/",
        "description": "Through the UN Flash Appeal, WHO is requesting US$ 67,060,220 to meet health needs of populations affected by the South Asia earthquake and tsunamis. The Appeal aims to cover the January to June 2005 period in Indonesia, Sri Lanka, and the Maldives, and-through a wider approach-ensure that the needs of inhabitants in all affected areas are being addressed to enable a balanced recovery."
    }
},
{
    "pk": 9,
    "model": "maplayers.project",
    "fields": {
        "status": "Review",
        "name": "Indonesia",
        "parent_project": null,
        "created_by": 2,
        "longitude": "40",
        "imageset_feedurl": "feed://api.flickr.com/services/feeds/photoset.gne?set=72157622616758268&nsid=36330826634@N01&lang=en-us",
        "location": "draft project",
        "groups": [2],
        "latitude": "20",
        "project_image": "",
        "website_url": "http://review.org/",
        "description": "2 November 2009 -- WHO staff are working around the clock to support Indonesian authorities as they deliver health care to people affected by the massive 30 September 2009 earthquake. Vaccination campaigns, mobile medical clinics and health assessments are ongoing as part of the coordinated response to the emergency. Eight WHO staff are on the ground supporting government and Health Cluster partners in healthcare delivery."
    }
},
{
    "pk": 10,
    "model": "maplayers.project",
    "fields": {
        "status": "Review",
        "name": "El Salvador",
        "parent_project": null,
        "created_by": 2,
        "longitude": "0",
        "imageset_feedurl": "feed://api.flickr.com/services/feeds/photoset.gne?set=72157622616758268&nsid=36330826634@N01&lang=en-us",
        "location": "draft project",
        "groups": [2],
        "latitude": "-20",
        "project_image": "",
        "website_url": "http://review.org/",
        "description": "11 November 2009 -- WHO has rushed medical supplies and staff to El Salvador in response to the widespread damage caused the communities and health facilities by Hurricane Ida. At least 130 people were killed in mudslides caused by rain and several health facilities were damaged. Health authorities responded quickly by deploying extra medical staff, increasing the number of hospital beds and using mobile clinics to reach people in need."
    }
},
{
    "pk": 1,
    "model": "maplayers.link",
    "fields": {
        "url": "http://www.unicef.org/",
        "project": 1,
        "title": "Unicef Blog"
    }
},
{
    "pk": 2,
    "model": "maplayers.link",
    "fields": {
        "url": "http://www.unicef.org/",
        "project": 1,
        "title": "Unicef 2009 Report"
    }
},
{
    "pk": 3,
    "model": "maplayers.link",
    "fields": {
        "url": "http://doctorswithoutborders.org/",
        "project": 2,
        "title": "DRC Situation Report"
    }
},
{
    "pk": 4,
    "model": "maplayers.link",
    "fields": {
        "url": "http://www.redcross.org/",
        "project": 3,
        "title": "Myanmar Field Report - 2009"
    }
},
{
    "pk": 1,
    "model": "maplayers.sector",
    "fields": {
        "name": "Health",
        "projects": [1, 2, 3, 8]
    }
},
{
    "pk": 2,
    "model": "maplayers.sector",
    "fields": {
        "name": "Education",
        "projects": [1, 9]
    }
},
{
    "pk": 3,
    "model": "maplayers.sector",
    "fields": {
        "name": "Medical",
        "projects": [2, 10]
    }
},
{
    "pk": 4,
    "model": "maplayers.sector",
    "fields": {
        "name": "Disaster Aid",
        "projects": [3, 6]
    }
},
{
    "pk": 1,
    "model": "maplayers.implementor",
    "fields": {
        "name": "Red Cross Foundation",
        "projects": [2, 3, 8, 9]
    }
},
{
    "pk": 2,
    "model": "maplayers.implementor",
    "fields": {
        "name": "Doctors Without Borders",
        "projects": [3, 9, 10]
    }
},
{
    "pk": 3,
    "model": "maplayers.implementor",
    "fields": {
        "name": "Unicef",
        "projects": [1, 4, 6, 8, 10]
    }
},
{
    "pk": 1,
    "model": "maplayers.projectcomment",
    "fields": {
        "status": "UnModerated",
        "comment_by": "Anonymous",
        "text": "It is a long established fact that a reader will be distracted by the readable content of a page when looking at its layout. The point of using Lorem Ipsum is that it has a more-or-less normal distribution of letters, as opposed to using 'Content here, content here', making it look like readable English",
        "project": 2,
        "date": "2009-11-23 19:15:25",
        "email": "gates@msn.com"
    }
},
{
    "pk": 2,
    "model": "maplayers.projectcomment",
    "fields": {
        "status": "UnModerated",
        "comment_by": "Rekha",
        "text": "Many desktop publishing packages and web page editors now use Lorem Ipsum as their default model text, and a search for 'lorem ipsum' will uncover many web sites still in their infancy. Various versions have evolved over the years, sometimes by accident, sometimes on purpose (injected humour and the like).",
        "project": 2,
        "date": "2009-11-23 19:16:30",
        "email": "rekha@thoughtworks.com"
    }
},
{
    "pk": 3,
    "model": "maplayers.projectcomment",
    "fields": {
        "status": "UnModerated",
        "comment_by": "Sai",
        "text": "Lorem Ipsum is simply dummy text of the printing and typesetting industry. Lorem Ipsum has been the industry's standard dummy text ever since the 1500s, when an unknown printer took a galley of type and scrambled it to make a type specimen book. It has survived not only five centuries, but also the leap into electronic typesetting, remaining essentially unchanged.",
        "project": 2,
        "date": "2009-11-23 19:18:03",
        "email": "sai.venkat@gmail.com"
    }
},
{
    "pk": 1,
    "model": "maplayers.kmlfile",
    "fields": {
        "name": "Africa Fertility ploygons",
        "filename": "/static/kml/fertility_world_polygon.kml"
    }
},
{
	"pk": 1,
	"model": "maplayers.AdministrativeUnit",
	"fields": {
		"name": "Gulu",
		"region_type": "District",
		"country": "Uganda",
		"health": "20",
		"economy": "30",
		"environment": "40",
		"governance": "",
		"infrastructure": "",
		"social_sector": "",
		"agriculture": "",
		"dev_partners": "",
		"recent_reports": "",
		"resources": ""
	}
},
{
	"pk": 2,
	"model": "maplayers.AdministrativeUnit",
	"fields": {
		"name": "Masindi",
		"region_type": "District",
		"country": "Uganda",
		"health": "8000",
		"economy": "90000",
		"environment": "50000",
		"governance": "",
		"infrastructure": "",
		"social_sector": "",
		"agriculture": "",
		"dev_partners": "",
		"recent_reports": "",
		"resources": ""
	}
},
{
	"pk": 3,
	"model": "maplayers.AdministrativeUnit",
	"fields": {
		"name": "Kitgum",
		"region_type": "District",
		"country": "Uganda",
		"health": "$50",
		"economy": "$75",
		"environment": "$32",
		"governance": "",
		"infrastructure": "",
		"social_sector": "",
		"agriculture": "",
		"dev_partners": "",
		"recent_reports": "",
		"resources": ""
	}
},
{
	"pk": 4,
	"model": "maplayers.AdministrativeUnit",
	"fields": {
		"name": "Pader",
		"region_type": "District",
		"country": "Uganda",
		"health": ".45",
		"economy": ".76",
		"environment": ".49",
		"governance": "",
		"infrastructure": "",
		"social_sector": "",
		"agriculture": "",
		"dev_partners": "",
		"recent_reports": "",
		"resources": ""
	}
},
{
	"pk": 5,
	"model": "maplayers.AdministrativeUnit",
	"fields": {
		"name": "Apac",
		"region_type": "District",
		"country": "Uganda",
		"health": "12",
		"economy": "45",
		"environment": "67",
		"governance": "",
		"infrastructure": "",
		"social_sector": "",
		"agriculture": "",
		"dev_partners": "",
		"recent_reports": "",
		"resources": ""
	}
},
{
	"pk": 6,
	"model": "maplayers.AdministrativeUnit",
	"fields": {
		"name": "Adjumani",
		"region_type": "District",
		"country": "Uganda",
		"health": "90",
		"economy": "98",
		"environment": "99",
		"governance": "",
		"infrastructure": "",
		"social_sector": "",
		"agriculture": "",
		"dev_partners": "",
		"recent_reports": "",
		"resources": ""
	}
},
{
	"pk": 7,
	"model": "maplayers.AdministrativeUnit",
	"fields": {
		"name": "Lira",
		"region_type": "District",
		"country": "Uganda",
		"health": "5.6",
		"economy": "7.8",
		"environment": "3.4",
		"governance": "",
		"infrastructure": "",
		"social_sector": "",
		"agriculture": "",
		"dev_partners": "",
		"recent_reports": "",
		"resources": ""
	}
}
]
